{"field_positions": {}, "component_bands": {"Component": {"x_min": 0.09717741935483871, "x_max": 0.23548387096774193, "n": 1}, "Cost ($)": {"x_min": 0.41008064516129034, "x_max": 0.49233870967741933, "n": 1}, "Tot. Weight": {"x_min": 0.49233870967741933, "x_max": 0.7399193548387096, "n": 1}, "Supply Policy": {"x_min": 0.7491935483870967, "x_max": 0.8649193548387096, "n": 1}}}